Dates,Weekday,Livestock_Count,Weed_Count,Vegetation_Count
2014-01-01,Wednesday,809,65,11031
2014-01-02,Thursday,806,91,10367
2014-01-03,Friday,883,82,12757
2014-01-04,Saturday,811,66,11277
2014-01-05,Sunday,821,59,12008
2014-01-06,Monday,869,86,10700
2014-01-07,Tuesday,865,92,12301
2014-01-08,Wednesday,808,50,12474
2014-01-09,Thursday,884,52,11428
2014-01-10,Friday,843,68,12899
2014-01-11,Saturday,881,85,11524
2014-01-12,Sunday,826,79,11453
2014-01-13,Monday,844,96,10784
2014-01-14,Tuesday,893,93,12641
2014-01-15,Wednesday,803,98,11531
2014-01-16,Thursday,803,98,12108
2014-01-17,Friday,886,84,10169
2014-01-18,Saturday,833,78,12504
2014-01-19,Sunday,858,58,11352
2014-01-20,Monday,835,64,12729
2014-01-21,Tuesday,823,61,11779
2014-01-22,Wednesday,855,58,12491
2014-01-23,Thursday,873,87,12286
2014-01-24,Friday,849,96,10616
2014-01-25,Saturday,841,93,11744
2014-01-26,Sunday,857,86,11471
2014-01-27,Monday,849,82,12191
2014-01-28,Tuesday,858,97,12446
2014-01-29,Wednesday,872,51,10586
2014-01-30,Thursday,813,50,10044
2014-01-31,Friday,829,80,10155
2014-02-01,Saturday,877,85,12694
2014-02-02,Sunday,863,52,11872
2014-02-03,Monday,820,53,12931
2014-02-04,Tuesday,851,78,10463
2014-02-05,Wednesday,891,66,11975
2014-02-06,Thursday,857,62,11658
2014-02-07,Friday,863,51,11361
2014-02-08,Saturday,891,59,12363
2014-02-09,Sunday,844,69,10613
2014-02-10,Monday,882,57,12805
2014-02-11,Tuesday,857,55,10353
2014-02-12,Wednesday,806,71,12766
2014-02-13,Thursday,824,86,11142
2014-02-14,Friday,813,83,10830
2014-02-15,Saturday,862,67,10550
2014-02-16,Sunday,813,99,10843
2014-02-17,Monday,852,96,10960
2014-02-18,Tuesday,834,84,10165
2014-02-19,Wednesday,833,67,10877
2014-02-20,Thursday,891,58,11853
2014-02-21,Friday,872,78,12268
2014-02-22,Saturday,835,97,12285
2014-02-23,Sunday,879,80,12632
2014-02-24,Monday,814,83,12902
2014-02-25,Tuesday,826,97,11961
2014-02-26,Wednesday,880,93,11928
2014-02-27,Thursday,811,98,11501
2014-02-28,Friday,891,64,10866
2014-03-01,Saturday,837,65,10168
2014-03-02,Sunday,806,88,10719
2014-03-03,Monday,814,81,12873
2014-03-04,Tuesday,861,82,10464
2014-03-05,Wednesday,863,77,12278
2014-03-06,Thursday,876,56,10069
2014-03-07,Friday,875,78,10035
2014-03-08,Saturday,830,74,12275
2014-03-09,Sunday,858,63,12379
2014-03-10,Monday,861,84,11233
2014-03-11,Tuesday,825,85,12713
2014-03-12,Wednesday,804,87,12581
2014-03-13,Thursday,871,67,10812
2014-03-14,Friday,839,53,11390
2014-03-15,Saturday,822,79,12345
2014-03-16,Sunday,816,57,11325
2014-03-17,Monday,800,60,10011
2014-03-18,Tuesday,820,88,10665
2014-03-19,Wednesday,845,99,11982
2014-03-20,Thursday,864,78,11307
2014-03-21,Friday,870,95,11591
2014-03-22,Saturday,803,86,11275
2014-03-23,Sunday,838,63,10183
2014-03-24,Monday,824,71,10623
2014-03-25,Tuesday,872,69,10515
2014-03-26,Wednesday,893,52,11533
2014-03-27,Thursday,835,99,12971
2014-03-28,Friday,872,66,10390
2014-03-29,Saturday,813,52,12012
2014-03-30,Sunday,885,66,10908
2014-03-31,Monday,853,97,10202
2014-04-01,Tuesday,866,52,12881
2014-04-02,Wednesday,838,89,10818
2014-04-03,Thursday,851,73,10841
2014-04-04,Friday,862,85,10096
2014-04-05,Saturday,805,83,12968
2014-04-06,Sunday,854,62,12902
2014-04-07,Monday,851,58,12642
2014-04-08,Tuesday,866,50,12626
2014-04-09,Wednesday,868,90,12814
2014-04-10,Thursday,876,86,10340
2014-04-11,Friday,894,54,10583
2014-04-12,Saturday,840,71,10639
2014-04-13,Sunday,875,93,11134
2014-04-14,Monday,892,76,11674
2014-04-15,Tuesday,805,73,10370
2014-04-16,Wednesday,852,84,11600
2014-04-17,Thursday,835,78,12741
2014-04-18,Friday,857,82,12413
2014-04-19,Saturday,826,50,10428
2014-04-20,Sunday,854,74,12192
2014-04-21,Monday,830,93,11106
2014-04-22,Tuesday,810,66,11996
2014-04-23,Wednesday,823,99,12757
2014-04-24,Thursday,817,90,11187
2014-04-25,Friday,893,66,10110
2014-04-26,Saturday,868,73,10550
2014-04-27,Sunday,860,81,10989
2014-04-28,Monday,867,86,10373
2014-04-29,Tuesday,854,62,11619
2014-04-30,Wednesday,847,89,12196
2014-05-01,Thursday,824,89,10941
2014-05-02,Friday,878,69,12207
2014-05-03,Saturday,840,86,11978
2014-05-04,Sunday,871,60,12873
2014-05-05,Monday,832,95,10201
2014-05-06,Tuesday,867,98,12338
2014-05-07,Wednesday,852,76,11379
2014-05-08,Thursday,896,81,11017
2014-05-09,Friday,874,89,12542
2014-05-10,Saturday,894,58,11899
2014-05-11,Sunday,856,59,11619
2014-05-12,Monday,821,93,10175
2014-05-13,Tuesday,860,69,10743
2014-05-14,Wednesday,803,95,12485
2014-05-15,Thursday,876,70,12882
2014-05-16,Friday,889,64,12099
2014-05-17,Saturday,895,53,12270
2014-05-18,Sunday,882,51,12882
2014-05-19,Monday,899,69,11065
2014-05-20,Tuesday,811,70,11675
2014-05-21,Wednesday,855,64,10574
2014-05-22,Thursday,818,69,10011
2014-05-23,Friday,834,98,12593
2014-05-24,Saturday,899,65,12005
2014-05-25,Sunday,833,85,12633
2014-05-26,Monday,810,66,11132
2014-05-27,Tuesday,856,74,11173
2014-05-28,Wednesday,857,60,11187
2014-05-29,Thursday,889,76,11615
2014-05-30,Friday,828,63,10240
2014-05-31,Saturday,890,54,12941
2014-06-01,Sunday,820,52,12326
2014-06-02,Monday,835,84,12702
2014-06-03,Tuesday,890,95,11224
2014-06-04,Wednesday,872,80,12328
2014-06-05,Thursday,830,92,10343
2014-06-06,Friday,824,90,10997
2014-06-07,Saturday,880,84,11279
2014-06-08,Sunday,868,53,12431
2014-06-09,Monday,841,56,10148
2014-06-10,Tuesday,864,77,10807
2014-06-11,Wednesday,881,67,12399
2014-06-12,Thursday,868,77,12518
2014-06-13,Friday,872,78,10387
2014-06-14,Saturday,801,98,12436
2014-06-15,Sunday,811,74,12787
2014-06-16,Monday,806,91,12744
2014-06-17,Tuesday,800,98,11936
2014-06-18,Wednesday,824,56,11724
2014-06-19,Thursday,804,74,10890
2014-06-20,Friday,847,85,11813
2014-06-21,Saturday,893,75,10522
2014-06-22,Sunday,831,74,12579
2014-06-23,Monday,862,53,10299
2014-06-24,Tuesday,862,62,11257
2014-06-25,Wednesday,855,74,12423
2014-06-26,Thursday,839,61,12214
2014-06-27,Friday,847,83,12169
2014-06-28,Saturday,853,87,10455
2014-06-29,Sunday,810,50,11154
2014-06-30,Monday,862,85,12803
2014-07-01,Tuesday,806,58,12899
2014-07-02,Wednesday,808,71,10614
2014-07-03,Thursday,859,83,12928
2014-07-04,Friday,853,60,11609
2014-07-05,Saturday,834,71,11420
2014-07-06,Sunday,827,60,10779
2014-07-07,Monday,858,58,12648
2014-07-08,Tuesday,865,57,11140
2014-07-09,Wednesday,829,87,11271
2014-07-10,Thursday,869,60,12861
2014-07-11,Friday,811,64,12608
2014-07-12,Saturday,863,61,10444
2014-07-13,Sunday,847,91,10601
2014-07-14,Monday,844,71,10689
2014-07-15,Tuesday,880,63,12074
2014-07-16,Wednesday,821,63,12457
2014-07-17,Thursday,837,94,12039
2014-07-18,Friday,880,73,11531
2014-07-19,Saturday,824,56,11915
2014-07-20,Sunday,897,59,10492
2014-07-21,Monday,888,61,10587
2014-07-22,Tuesday,831,54,10153
2014-07-23,Wednesday,821,89,10088
2014-07-24,Thursday,890,64,10732
2014-07-25,Friday,882,95,11300
2014-07-26,Saturday,843,52,12569
2014-07-27,Sunday,875,83,11499
2014-07-28,Monday,813,98,12990
2014-07-29,Tuesday,820,68,10155
2014-07-30,Wednesday,871,59,11176
2014-07-31,Thursday,876,90,10767
2014-08-01,Friday,804,63,10792
2014-08-02,Saturday,836,90,10131
2014-08-03,Sunday,887,99,10006
2014-08-04,Monday,842,61,10485
2014-08-05,Tuesday,871,82,10336
2014-08-06,Wednesday,806,90,11495
2014-08-07,Thursday,809,81,10422
2014-08-08,Friday,855,79,10069
2014-08-09,Saturday,838,64,10905
2014-08-10,Sunday,846,55,11495
2014-08-11,Monday,818,64,10345
2014-08-12,Tuesday,818,68,12637
2014-08-13,Wednesday,801,53,11678
2014-08-14,Thursday,827,81,12153
2014-08-15,Friday,817,76,12179
2014-08-16,Saturday,850,51,10584
2014-08-17,Sunday,867,79,12180
2014-08-18,Monday,847,86,12262
2014-08-19,Tuesday,815,82,11250
2014-08-20,Wednesday,824,56,11989
2014-08-21,Thursday,841,84,11640
2014-08-22,Friday,878,84,10896
2014-08-23,Saturday,835,54,10055
2014-08-24,Sunday,803,92,11168
2014-08-25,Monday,806,56,10091
2014-08-26,Tuesday,847,52,12290
2014-08-27,Wednesday,845,67,12802
2014-08-28,Thursday,876,91,11022
2014-08-29,Friday,818,54,10830
2014-08-30,Saturday,894,82,10528
2014-08-31,Sunday,827,76,12967
2014-09-01,Monday,835,82,10278
2014-09-02,Tuesday,860,81,11797
2014-09-03,Wednesday,895,54,12157
2014-09-04,Thursday,877,56,11072
2014-09-05,Friday,867,76,12250
2014-09-06,Saturday,829,60,11126
2014-09-07,Sunday,823,85,10698
2014-09-08,Monday,839,78,10737
2014-09-09,Tuesday,895,80,11876
2014-09-10,Wednesday,855,74,10771
2014-09-11,Thursday,856,98,12796
2014-09-12,Friday,851,96,10706
2014-09-13,Saturday,872,92,10085
2014-09-14,Sunday,833,90,12797
2014-09-15,Monday,832,92,10328
2014-09-16,Tuesday,861,69,12729
2014-09-17,Wednesday,877,86,10046
2014-09-18,Thursday,812,54,11953
2014-09-19,Friday,865,54,12273
2014-09-20,Saturday,851,85,10597
2014-09-21,Sunday,897,59,12505
2014-09-22,Monday,846,90,10533
2014-09-23,Tuesday,838,97,11743
2014-09-24,Wednesday,851,85,11776
2014-09-25,Thursday,836,99,12917
2014-09-26,Friday,864,78,10557
2014-09-27,Saturday,863,76,12127
2014-09-28,Sunday,816,78,10778
2014-09-29,Monday,894,66,10282
2014-09-30,Tuesday,839,95,12625
2014-10-01,Wednesday,833,56,12894
2014-10-02,Thursday,834,92,10893
2014-10-03,Friday,808,78,11060
2014-10-04,Saturday,860,81,11463
2014-10-05,Sunday,810,84,10047
2014-10-06,Monday,841,93,12549
2014-10-07,Tuesday,855,98,11855
2014-10-08,Wednesday,853,86,11707
2014-10-09,Thursday,827,55,12080
2014-10-10,Friday,820,94,12016
2014-10-11,Saturday,888,84,10095
2014-10-12,Sunday,888,58,10390
2014-10-13,Monday,859,55,10319
2014-10-14,Tuesday,882,84,12615
2014-10-15,Wednesday,827,59,10779
2014-10-16,Thursday,895,83,11998
2014-10-17,Friday,824,61,10667
2014-10-18,Saturday,893,63,12245
2014-10-19,Sunday,801,54,12507
2014-10-20,Monday,843,93,11494
2014-10-21,Tuesday,893,80,11180
2014-10-22,Wednesday,871,83,12623
2014-10-23,Thursday,892,76,11886
2014-10-24,Friday,876,81,10265
2014-10-25,Saturday,872,62,12984
2014-10-26,Sunday,859,52,12614
2014-10-27,Monday,898,90,11564
2014-10-28,Tuesday,869,56,12838
2014-10-29,Wednesday,874,90,12153
2014-10-30,Thursday,812,73,10198
2014-10-31,Friday,800,78,12476
2014-11-01,Saturday,806,93,10408
2014-11-02,Sunday,863,86,12091
2014-11-03,Monday,869,89,10322
2014-11-04,Tuesday,835,61,11083
2014-11-05,Wednesday,806,88,12638
2014-11-06,Thursday,891,92,11116
2014-11-07,Friday,858,62,10432
2014-11-08,Saturday,842,72,10137
2014-11-09,Sunday,870,99,11499
2014-11-10,Monday,841,77,11853
2014-11-11,Tuesday,876,50,11574
2014-11-12,Wednesday,847,76,10427
2014-11-13,Thursday,857,59,12784
2014-11-14,Friday,802,58,11464
2014-11-15,Saturday,855,85,12225
2014-11-16,Sunday,847,90,11911
2014-11-17,Monday,825,88,11459
2014-11-18,Tuesday,886,64,11775
2014-11-19,Wednesday,833,93,10970
2014-11-20,Thursday,897,60,12958
2014-11-21,Friday,877,96,11349
2014-11-22,Saturday,877,98,11998
2014-11-23,Sunday,850,83,11435
2014-11-24,Monday,855,78,10937
2014-11-25,Tuesday,834,83,11858
2014-11-26,Wednesday,831,84,11067
2014-11-27,Thursday,850,81,12486
2014-11-28,Friday,820,83,12344
2014-11-29,Saturday,817,59,10135
2014-11-30,Sunday,824,67,10678
2014-12-01,Monday,892,91,11107
2014-12-02,Tuesday,868,90,12957
2014-12-03,Wednesday,891,76,11225
2014-12-04,Thursday,800,68,12662
2014-12-05,Friday,810,62,12522
2014-12-06,Saturday,895,59,11048
2014-12-07,Sunday,827,62,11043
2014-12-08,Monday,844,58,12473
2014-12-09,Tuesday,877,86,12532
2014-12-10,Wednesday,858,79,11721
2014-12-11,Thursday,836,80,11836
2014-12-12,Friday,813,63,11443
2014-12-13,Saturday,876,97,12477
2014-12-14,Sunday,816,98,11145
2014-12-15,Monday,891,94,12832
2014-12-16,Tuesday,841,78,11683
2014-12-17,Wednesday,885,67,12662
2014-12-18,Thursday,864,67,12075
2014-12-19,Friday,813,95,11209
2014-12-20,Saturday,870,54,12577
2014-12-21,Sunday,822,51,10374
2014-12-22,Monday,874,93,11396
2014-12-23,Tuesday,855,56,11984
2014-12-24,Wednesday,816,66,11359
2014-12-25,Thursday,868,63,12808
2014-12-26,Friday,842,55,12819
2014-12-27,Saturday,882,53,12710
2014-12-28,Sunday,834,57,10141
2014-12-29,Monday,827,76,10630
2014-12-30,Tuesday,899,82,11701
2014-12-31,Wednesday,888,82,12185
2015-01-01,Thursday,884,89,11545
2015-01-02,Friday,810,93,12141
2015-01-03,Saturday,895,53,10091
2015-01-04,Sunday,867,97,11808
2015-01-05,Monday,814,96,12121
2015-01-06,Tuesday,824,95,11472
2015-01-07,Wednesday,863,71,12402
2015-01-08,Thursday,842,98,11445
2015-01-09,Friday,864,79,12090
2015-01-10,Saturday,809,64,12167
2015-01-11,Sunday,897,77,10549
2015-01-12,Monday,836,60,12488
2015-01-13,Tuesday,899,94,11355
2015-01-14,Wednesday,862,53,12667
2015-01-15,Thursday,803,82,12219
2015-01-16,Friday,824,61,10133
2015-01-17,Saturday,879,58,10871
2015-01-18,Sunday,810,78,11333
2015-01-19,Monday,883,73,12297
2015-01-20,Tuesday,817,95,11540
2015-01-21,Wednesday,868,64,11743
2015-01-22,Thursday,844,53,11637
2015-01-23,Friday,821,80,12248
2015-01-24,Saturday,880,86,12551
2015-01-25,Sunday,807,72,12060
2015-01-26,Monday,867,96,11560
2015-01-27,Tuesday,827,54,10433
2015-01-28,Wednesday,838,52,11978
2015-01-29,Thursday,844,53,12308
2015-01-30,Friday,893,64,11427
2015-01-31,Saturday,843,63,11102
2015-02-01,Sunday,885,67,10866
2015-02-02,Monday,893,81,12557
2015-02-03,Tuesday,892,61,10879
2015-02-04,Wednesday,884,93,11857
2015-02-05,Thursday,869,79,11083
2015-02-06,Friday,808,75,12432
2015-02-07,Saturday,865,67,11690
2015-02-08,Sunday,856,92,11951
2015-02-09,Monday,891,55,10006
2015-02-10,Tuesday,804,53,12422
2015-02-11,Wednesday,838,68,12155
2015-02-12,Thursday,899,92,11720
2015-02-13,Friday,847,73,12415
2015-02-14,Saturday,881,98,10052
2015-02-15,Sunday,871,86,12634
2015-02-16,Monday,884,59,11447
2015-02-17,Tuesday,867,96,11617
2015-02-18,Wednesday,819,67,12707
2015-02-19,Thursday,840,79,12329
2015-02-20,Friday,875,61,12892
2015-02-21,Saturday,889,75,11717
2015-02-22,Sunday,851,77,11211
2015-02-23,Monday,855,91,10393
2015-02-24,Tuesday,824,59,11161
2015-02-25,Wednesday,850,94,11416
2015-02-26,Thursday,867,80,11368
2015-02-27,Friday,844,97,11560
2015-02-28,Saturday,814,90,11789
2015-03-01,Sunday,809,93,11758
2015-03-02,Monday,815,84,10479
2015-03-03,Tuesday,851,55,12993
2015-03-04,Wednesday,802,51,12551
2015-03-05,Thursday,831,62,10780
2015-03-06,Friday,840,58,11490
2015-03-07,Saturday,811,99,11344
2015-03-08,Sunday,822,63,11760
2015-03-09,Monday,841,95,10165
2015-03-10,Tuesday,886,68,11051
2015-03-11,Wednesday,807,82,10654
2015-03-12,Thursday,813,89,12146
2015-03-13,Friday,828,70,12202
2015-03-14,Saturday,832,68,11016
2015-03-15,Sunday,817,68,12053
2015-03-16,Monday,862,76,12231
2015-03-17,Tuesday,890,93,11921
2015-03-18,Wednesday,876,86,10165
2015-03-19,Thursday,819,54,10023
2015-03-20,Friday,803,63,11510
2015-03-21,Saturday,874,81,12614
2015-03-22,Sunday,801,58,10185
2015-03-23,Monday,838,87,10536
2015-03-24,Tuesday,882,83,12295
2015-03-25,Wednesday,897,65,10528
2015-03-26,Thursday,881,56,12395
2015-03-27,Friday,884,69,11579
2015-03-28,Saturday,844,63,12557
2015-03-29,Sunday,809,83,10824
2015-03-30,Monday,893,72,10726
2015-03-31,Tuesday,859,94,11173
2015-04-01,Wednesday,809,83,11524
2015-04-02,Thursday,872,93,12828
2015-04-03,Friday,864,93,12017
2015-04-04,Saturday,821,57,11107
2015-04-05,Sunday,882,79,10248
2015-04-06,Monday,836,50,10551
2015-04-07,Tuesday,870,65,12268
2015-04-08,Wednesday,844,54,11124
2015-04-09,Thursday,833,75,10838
2015-04-10,Friday,820,87,12244
2015-04-11,Saturday,860,72,12669
2015-04-12,Sunday,830,72,12946
2015-04-13,Monday,871,88,10343
2015-04-14,Tuesday,886,84,10076
2015-04-15,Wednesday,872,80,12804
2015-04-16,Thursday,888,99,11939
2015-04-17,Friday,821,73,11623
2015-04-18,Saturday,899,54,10537
2015-04-19,Sunday,823,98,10611
2015-04-20,Monday,845,50,12811
2015-04-21,Tuesday,897,89,12424
2015-04-22,Wednesday,870,95,10065
2015-04-23,Thursday,894,89,12547
2015-04-24,Friday,883,86,12157
2015-04-25,Saturday,859,84,10639
2015-04-26,Sunday,891,61,11089
2015-04-27,Monday,899,81,11078
2015-04-28,Tuesday,844,69,11297
2015-04-29,Wednesday,867,85,12868
2015-04-30,Thursday,879,62,12719
2015-05-01,Friday,822,65,12291
2015-05-02,Saturday,863,72,12948
2015-05-03,Sunday,844,76,10936
2015-05-04,Monday,802,66,11342
2015-05-05,Tuesday,889,91,11132
2015-05-06,Wednesday,1394,67,10441
2015-05-07,Thursday,1642,63,12659
2015-05-08,Friday,1571,87,10370
2015-05-09,Saturday,1737,62,11647
2015-05-10,Sunday,1520,73,11221
2015-05-11,Monday,1298,58,10942
2015-05-12,Tuesday,1470,58,11798
2015-05-13,Wednesday,1397,99,10365
2015-05-14,Thursday,1556,75,12678
2015-05-15,Friday,1483,59,12700
2015-05-16,Saturday,1291,53,10056
2015-05-17,Sunday,1587,84,11047
2015-05-18,Monday,1783,66,12651
2015-05-19,Tuesday,1466,82,11657
2015-05-20,Wednesday,1675,64,11264
2015-05-21,Thursday,1366,63,12950
2015-05-22,Friday,1679,90,12167
2015-05-23,Saturday,1201,59,12771
2015-05-24,Sunday,1686,66,11755
2015-05-25,Monday,1554,69,10106
2015-05-26,Tuesday,1538,99,11703
2015-05-27,Wednesday,1241,55,12373
2015-05-28,Thursday,1238,92,11414
2015-05-29,Friday,1298,94,10922
2015-05-30,Saturday,1602,83,11116
2015-05-31,Sunday,1590,80,10779
2015-06-01,Monday,1554,71,11280
2015-06-02,Tuesday,1349,50,10590
2015-06-03,Wednesday,1649,67,10425
2015-06-04,Thursday,1658,62,10305
2015-06-05,Friday,1561,63,11349
2015-06-06,Saturday,1373,97,12913
2015-06-07,Sunday,1530,68,12344
2015-06-08,Monday,1380,56,12216
2015-06-09,Tuesday,1251,88,10649
2015-06-10,Wednesday,1371,93,10187
2015-06-11,Thursday,1666,60,10356
2015-06-12,Friday,1349,66,12968
2015-06-13,Saturday,1332,70,10790
2015-06-14,Sunday,1679,61,11334
2015-06-15,Monday,1548,62,10248
2015-06-16,Tuesday,1274,60,12115
2015-06-17,Wednesday,1240,60,11832
2015-06-18,Thursday,1710,64,10685
2015-06-19,Friday,1689,68,10928
2015-06-20,Saturday,1484,99,11000
2015-06-21,Sunday,1452,67,11432
2015-06-22,Monday,1627,62,11313
2015-06-23,Tuesday,1628,87,11326
2015-06-24,Wednesday,1730,74,12921
2015-06-25,Thursday,1561,71,12095
2015-06-26,Friday,1720,71,11057
2015-06-27,Saturday,1704,77,12782
2015-06-28,Sunday,1576,52,10997
2015-06-29,Monday,1645,57,10197
2015-06-30,Tuesday,1592,78,12107
2015-07-01,Wednesday,1340,75,11885
2015-07-02,Thursday,1733,96,10877
2015-07-03,Friday,1733,92,12574
2015-07-04,Saturday,1750,82,12800
2015-07-05,Sunday,1731,89,11985
2015-07-06,Monday,1419,66,11784
2015-07-07,Tuesday,1395,60,11409
2015-07-08,Wednesday,1297,76,12124
2015-07-09,Thursday,1656,56,11850
2015-07-10,Friday,1707,85,11743
2015-07-11,Saturday,1419,67,11762
2015-07-12,Sunday,1425,81,12999
2015-07-13,Monday,1343,73,12547
2015-07-14,Tuesday,1250,60,11227
2015-07-15,Wednesday,1731,81,10947
2015-07-16,Thursday,1654,93,12430
2015-07-17,Friday,1705,79,12325
2015-07-18,Saturday,1253,58,12032
2015-07-19,Sunday,1674,64,12305
2015-07-20,Monday,1596,50,10806
2015-07-21,Tuesday,1401,91,12736
2015-07-22,Wednesday,1564,50,10292
2015-07-23,Thursday,1773,85,10030
2015-07-24,Friday,1428,89,11457
2015-07-25,Saturday,1551,97,11192
2015-07-26,Sunday,1218,51,10222
2015-07-27,Monday,1623,87,11858
2015-07-28,Tuesday,1333,85,12042
2015-07-29,Wednesday,1541,96,10024
2015-07-30,Thursday,1294,97,11502
2015-07-31,Friday,1391,73,10670
2015-08-01,Saturday,1216,86,10782
2015-08-02,Sunday,1432,68,10125
2015-08-03,Monday,1621,68,10544
2015-08-04,Tuesday,1553,55,11422
2015-08-05,Wednesday,1387,89,12453
2015-08-06,Thursday,1667,59,12050
2015-08-07,Friday,1280,57,10638
2015-08-08,Saturday,1248,62,12500
2015-08-09,Sunday,1724,77,12359
2015-08-10,Monday,1786,67,12324
2015-08-11,Tuesday,1587,68,12622
2015-08-12,Wednesday,1284,53,10890
2015-08-13,Thursday,1505,78,10812
2015-08-14,Friday,1752,95,12419
2015-08-15,Saturday,1316,78,10189
2015-08-16,Sunday,1709,83,11523
2015-08-17,Monday,1268,79,11111
2015-08-18,Tuesday,1755,68,11218
2015-08-19,Wednesday,1644,53,11692
2015-08-20,Thursday,1432,99,11537
2015-08-21,Friday,1464,70,10865
2015-08-22,Saturday,1770,85,11424
2015-08-23,Sunday,1595,79,12650
2015-08-24,Monday,1642,99,12224
2015-08-25,Tuesday,1718,80,11468
2015-08-26,Wednesday,1713,78,12988
2015-08-27,Thursday,1207,87,11410
2015-08-28,Friday,1661,96,10725
2015-08-29,Saturday,1411,74,10231
2015-08-30,Sunday,1232,72,10826
2015-08-31,Monday,1683,93,11200
2015-09-01,Tuesday,1396,54,12764
2015-09-02,Wednesday,1335,95,12088
2015-09-03,Thursday,1435,53,12810
2015-09-04,Friday,1209,69,10041
2015-09-05,Saturday,1663,85,10193
2015-09-06,Sunday,1743,82,12384
2015-09-07,Monday,1702,61,12179
2015-09-08,Tuesday,1595,85,11469
2015-09-09,Wednesday,1721,76,12172
2015-09-10,Thursday,1797,86,12649
2015-09-11,Friday,1775,67,10338
2015-09-12,Saturday,1611,96,11546
2015-09-13,Sunday,1581,67,11576
2015-09-14,Monday,1539,54,10789
2015-09-15,Tuesday,1382,79,11585
2015-09-16,Wednesday,1379,68,11389
2015-09-17,Thursday,1751,55,10944
2015-09-18,Friday,1515,64,11602
2015-09-19,Saturday,1612,84,11142
2015-09-20,Sunday,1673,74,12805
2015-09-21,Monday,1469,83,12922
2015-09-22,Tuesday,1226,72,11210
2015-09-23,Wednesday,1578,74,12555
2015-09-24,Thursday,1538,55,12972
2015-09-25,Friday,1678,66,11012
2015-09-26,Saturday,1349,99,10252
2015-09-27,Sunday,1663,83,12965
2015-09-28,Monday,1570,96,12246
2015-09-29,Tuesday,1732,61,10143
2015-09-30,Wednesday,1666,50,12265
2015-10-01,Thursday,1667,81,11952
2015-10-02,Friday,1233,64,12491
2015-10-03,Saturday,1608,66,12955
2015-10-04,Sunday,1546,68,10883
2015-10-05,Monday,1593,51,12681
2015-10-06,Tuesday,1620,97,10599
2015-10-07,Wednesday,1244,94,11047
2015-10-08,Thursday,1728,69,12856
2015-10-09,Friday,1524,72,10017
2015-10-10,Saturday,1219,97,12953
2015-10-11,Sunday,1760,65,11307
2015-10-12,Monday,1710,60,10650
2015-10-13,Tuesday,1732,50,12717
2015-10-14,Wednesday,1656,75,12000
2015-10-15,Thursday,1739,87,12694
2015-10-16,Friday,1558,75,11553
2015-10-17,Saturday,1221,84,10303
2015-10-18,Sunday,1202,70,10966
2015-10-19,Monday,1695,66,12353
2015-10-20,Tuesday,1534,58,10071
2015-10-21,Wednesday,1747,56,10340
2015-10-22,Thursday,1393,83,11470
2015-10-23,Friday,1493,73,10215
2015-10-24,Saturday,1421,82,10297
2015-10-25,Sunday,1749,79,10152
2015-10-26,Monday,1231,53,10032
2015-10-27,Tuesday,1452,90,10800
2015-10-28,Wednesday,1324,75,11301
2015-10-29,Thursday,1471,88,10437
2015-10-30,Friday,1712,75,10285
2015-10-31,Saturday,1388,61,12132
2015-11-01,Sunday,1489,87,11138
2015-11-02,Monday,1502,54,10011
2015-11-03,Tuesday,1298,71,10030
2015-11-04,Wednesday,1489,87,10103
2015-11-05,Thursday,1508,96,11609
2015-11-06,Friday,1693,98,12784
2015-11-07,Saturday,1305,61,10079
2015-11-08,Sunday,1344,61,12474
2015-11-09,Monday,1408,50,10001
2015-11-10,Tuesday,1485,73,10468
2015-11-11,Wednesday,1670,63,10643
2015-11-12,Thursday,1264,71,10183
2015-11-13,Friday,1797,76,11715
2015-11-14,Saturday,1484,85,12882
2015-11-15,Sunday,1550,92,12945
2015-11-16,Monday,1201,76,10305
2015-11-17,Tuesday,1447,59,12562
2015-11-18,Wednesday,1582,58,12021
2015-11-19,Thursday,1707,94,10310
2015-11-20,Friday,1308,71,10895
2015-11-21,Saturday,1320,54,11077
2015-11-22,Sunday,1318,57,10444
2015-11-23,Monday,1374,50,10568
2015-11-24,Tuesday,1575,84,12279
2015-11-25,Wednesday,1200,52,11746
2015-11-26,Thursday,1598,92,11566
2015-11-27,Friday,1279,73,12046
2015-11-28,Saturday,1268,88,10414
2015-11-29,Sunday,1384,53,12933
2015-11-30,Monday,1690,84,12949
2015-12-01,Tuesday,1373,86,10649
2015-12-02,Wednesday,1548,75,10943
2015-12-03,Thursday,1620,94,12627
2015-12-04,Friday,1695,55,10502
2015-12-05,Saturday,1632,92,12534
2015-12-06,Sunday,1778,71,12388
2015-12-07,Monday,1631,91,10883
2015-12-08,Tuesday,1293,52,10939
2015-12-09,Wednesday,1673,61,10734
2015-12-10,Thursday,1663,78,11548
2015-12-11,Friday,1390,56,11928
2015-12-12,Saturday,1634,82,12855
2015-12-13,Sunday,1458,74,10204
2015-12-14,Monday,1776,76,12492
2015-12-15,Tuesday,1204,54,10395
2015-12-16,Wednesday,1561,68,10222
2015-12-17,Thursday,1784,86,10089
2015-12-18,Friday,1584,86,10022
2015-12-19,Saturday,1571,70,10995
2015-12-20,Sunday,1664,77,10724
2015-12-21,Monday,1609,56,11239
2015-12-22,Tuesday,1625,54,12911
2015-12-23,Wednesday,1445,91,10586
2015-12-24,Thursday,1664,79,12793
2015-12-25,Friday,1549,72,11762
2015-12-26,Saturday,1593,88,12079
2015-12-27,Sunday,1636,95,10606
2015-12-28,Monday,1442,89,11096
2015-12-29,Tuesday,1375,87,12871
2015-12-30,Wednesday,1652,78,11972
2015-12-31,Thursday,1698,68,11855
2016-01-01,Friday,1566,88,10487
2016-01-02,Saturday,1479,84,11166
2016-01-03,Sunday,1570,85,11034
2016-01-04,Monday,1634,62,10126
2016-01-05,Tuesday,1252,93,12046
2016-01-06,Wednesday,1273,65,11647
2016-01-07,Thursday,1319,60,11341
2016-01-08,Friday,1569,87,12840
2016-01-09,Saturday,1530,79,10166
2016-01-10,Sunday,1517,51,12168
2016-01-11,Monday,1398,80,11867
2016-01-12,Tuesday,1287,83,11772
2016-01-13,Wednesday,1614,82,10310
2016-01-14,Thursday,1351,83,11260
2016-01-15,Friday,1468,98,11248
2016-01-16,Saturday,1520,93,10208
2016-01-17,Sunday,1514,98,11372
2016-01-18,Monday,1327,64,10089
2016-01-19,Tuesday,1618,91,10785
2016-01-20,Wednesday,1500,96,12430
2016-01-21,Thursday,1535,81,11391
2016-01-22,Friday,1663,88,10653
2016-01-23,Saturday,1459,71,11272
2016-01-24,Sunday,1790,88,10654
2016-01-25,Monday,1234,68,10503
2016-01-26,Tuesday,1612,55,11675
2016-01-27,Wednesday,1652,74,12429
2016-01-28,Thursday,1503,79,10971
2016-01-29,Friday,1717,56,12405
2016-01-30,Saturday,1623,69,11150
2016-01-31,Sunday,1267,75,11893
2016-02-01,Monday,1684,91,11441
2016-02-02,Tuesday,1663,95,11779
2016-02-03,Wednesday,1613,68,11652
2016-02-04,Thursday,1638,97,10529
2016-02-05,Friday,1200,61,12142
2016-02-06,Saturday,1424,58,12955
2016-02-07,Sunday,1378,77,10406
2016-02-08,Monday,1442,85,10413
2016-02-09,Tuesday,1557,55,11179
2016-02-10,Wednesday,1224,64,11242
2016-02-11,Thursday,1574,56,11853
2016-02-12,Friday,1365,50,12796
2016-02-13,Saturday,1650,78,12558
2016-02-14,Sunday,1281,63,12499
2016-02-15,Monday,1732,63,11922
2016-02-16,Tuesday,1343,61,10371
2016-02-17,Wednesday,1245,67,10868
2016-02-18,Thursday,1362,63,10287
2016-02-19,Friday,1204,78,10921
2016-02-20,Saturday,1490,59,12498
2016-02-21,Sunday,1554,61,12602
2016-02-22,Monday,1399,68,12303
2016-02-23,Tuesday,1657,53,12901
2016-02-24,Wednesday,1636,75,12383
2016-02-25,Thursday,1233,73,12618
2016-02-26,Friday,1354,67,10589
2016-02-27,Saturday,1740,67,11347
2016-02-28,Sunday,1343,93,12498
2016-02-29,Monday,1637,91,12596
2016-03-01,Tuesday,1592,71,10357
2016-03-02,Wednesday,1429,72,11435
2016-03-03,Thursday,1330,59,11401
2016-03-04,Friday,1549,81,10043
2016-03-05,Saturday,1410,94,12768
2016-03-06,Sunday,1374,57,10391
2016-03-07,Monday,1567,54,11774
2016-03-08,Tuesday,1215,61,11980
2016-03-09,Wednesday,1310,54,12112
2016-03-10,Thursday,1605,56,11230
2016-03-11,Friday,1403,50,11015
2016-03-12,Saturday,1452,50,10413
2016-03-13,Sunday,1737,54,12475
2016-03-14,Monday,1378,78,11443
2016-03-15,Tuesday,1505,68,11954
2016-03-16,Wednesday,1445,68,11353
2016-03-17,Thursday,1242,88,12963
2016-03-18,Friday,1687,97,11763
2016-03-19,Saturday,1200,50,10526
2016-03-20,Sunday,1235,63,12309
2016-03-21,Monday,1461,50,12769
2016-03-22,Tuesday,1748,90,12753
2016-03-23,Wednesday,1364,67,10602
2016-03-24,Thursday,1574,66,10715
2016-03-25,Friday,1451,99,12358
2016-03-26,Saturday,1244,65,10371
2016-03-27,Sunday,1404,88,12407
2016-03-28,Monday,1378,84,11217
2016-03-29,Tuesday,1578,68,11734
2016-03-30,Wednesday,1276,55,12879
2016-03-31,Thursday,1492,84,10095
2016-04-01,Friday,1204,60,10749
2016-04-02,Saturday,1255,58,10420
2016-04-03,Sunday,1273,53,11215
2016-04-04,Monday,1616,99,10250
2016-04-05,Tuesday,1545,84,12032
2016-04-06,Wednesday,1768,88,10302
2016-04-07,Thursday,1532,70,12324
2016-04-08,Friday,1232,58,12441
2016-04-09,Saturday,1476,94,11388
2016-04-10,Sunday,1390,74,11956
2016-04-11,Monday,1280,79,10107
2016-04-12,Tuesday,1514,67,12380
2016-04-13,Wednesday,1302,60,11114
2016-04-14,Thursday,1287,89,10758
2016-04-15,Friday,1404,84,11277
2016-04-16,Saturday,1308,74,11660
2016-04-17,Sunday,1749,78,10380
2016-04-18,Monday,1354,92,12906
2016-04-19,Tuesday,1401,78,11974
2016-04-20,Wednesday,1557,69,10105
2016-04-21,Thursday,1451,55,12587
2016-04-22,Friday,1577,66,12675
2016-04-23,Saturday,1269,63,10224
2016-04-24,Sunday,1766,86,12826
2016-04-25,Monday,1354,64,11756
2016-04-26,Tuesday,1270,99,12552
2016-04-27,Wednesday,1383,90,12999
2016-04-28,Thursday,1399,93,12930
2016-04-29,Friday,1471,59,11265
2016-04-30,Saturday,1600,81,10399
2016-05-01,Sunday,1578,96,12261
2016-05-02,Monday,1314,82,10867
2016-05-03,Tuesday,1464,89,10951
2016-05-04,Wednesday,1299,74,12879
2016-05-05,Thursday,1364,99,12254
2016-05-06,Friday,1229,53,12036
2016-05-07,Saturday,1493,62,11418
2016-05-08,Sunday,1655,93,10229
2016-05-09,Monday,1679,81,11621
2016-05-10,Tuesday,1723,85,12127
2016-05-11,Wednesday,1207,99,10256
2016-05-12,Thursday,1235,94,12872
2016-05-13,Friday,1348,77,10742
2016-05-14,Saturday,1790,88,10290
2016-05-15,Sunday,1278,90,10676
2016-05-16,Monday,1459,90,11947
2016-05-17,Tuesday,1696,79,12194
2016-05-18,Wednesday,1531,75,12397
2016-05-19,Thursday,1343,96,10954
2016-05-20,Friday,1437,63,11768
2016-05-21,Saturday,1420,94,10596
2016-05-22,Sunday,1536,66,11085
2016-05-23,Monday,1275,55,12444
2016-05-24,Tuesday,1230,90,11555
2016-05-25,Wednesday,1684,91,12556
2016-05-26,Thursday,1400,69,10118
2016-05-27,Friday,1295,82,12567
2016-05-28,Saturday,1557,64,11653
2016-05-29,Sunday,1606,53,12776
2016-05-30,Monday,1299,62,10100
2016-05-31,Tuesday,1567,53,11740
2016-06-01,Wednesday,1228,68,12650
2016-06-02,Thursday,1428,69,12218
2016-06-03,Friday,1340,75,11347
2016-06-04,Saturday,1399,95,11309
2016-06-05,Sunday,1405,59,10474
2016-06-06,Monday,1762,57,10690
2016-06-07,Tuesday,1486,94,11044
2016-06-08,Wednesday,1796,84,10367
2016-06-09,Thursday,1245,75,11551
2016-06-10,Friday,1473,72,12533
2016-06-11,Saturday,1504,94,12270
2016-06-12,Sunday,1297,62,11401
2016-06-13,Monday,1401,57,11605
2016-06-14,Tuesday,1369,50,11807
2016-06-15,Wednesday,1378,68,11255
2016-06-16,Thursday,1346,74,10217
2016-06-17,Friday,1348,77,10079
2016-06-18,Saturday,1303,80,12476
2016-06-19,Sunday,1487,54,11543
2016-06-20,Monday,1599,53,12923
2016-06-21,Tuesday,1746,92,11343
2016-06-22,Wednesday,1288,84,10425
2016-06-23,Thursday,1423,69,12259
2016-06-24,Friday,1330,85,11919
2016-06-25,Saturday,1232,89,10826
2016-06-26,Sunday,1581,82,12793
2016-06-27,Monday,1504,62,12796
2016-06-28,Tuesday,1398,76,11660
2016-06-29,Wednesday,1519,65,10438
2016-06-30,Thursday,1264,79,12971
2016-07-01,Friday,1775,77,11960
2016-07-02,Saturday,1479,92,11865
2016-07-03,Sunday,1656,81,12851
2016-07-04,Monday,1305,58,11877
2016-07-05,Tuesday,1514,84,12614
2016-07-06,Wednesday,1546,78,11966
2016-07-07,Thursday,1583,94,11819
2016-07-08,Friday,1223,80,11339
2016-07-09,Saturday,1200,62,11782
2016-07-10,Sunday,1701,86,11091
2016-07-11,Monday,1711,73,10422
2016-07-12,Tuesday,1335,77,10106
2016-07-13,Wednesday,1736,66,10594
2016-07-14,Thursday,1467,95,10733
2016-07-15,Friday,1225,87,12133
2016-07-16,Saturday,1520,54,11415
2016-07-17,Sunday,1327,59,11884
2016-07-18,Monday,1260,57,10935
2016-07-19,Tuesday,1305,79,11379
2016-07-20,Wednesday,1294,50,10179
2016-07-21,Thursday,1530,52,12163
2016-07-22,Friday,1453,76,11178
2016-07-23,Saturday,1203,73,12609
2016-07-24,Sunday,1447,87,12273
2016-07-25,Monday,1371,67,12124
2016-07-26,Tuesday,1381,63,10770
2016-07-27,Wednesday,1760,78,11358
2016-07-28,Thursday,1295,69,12774
2016-07-29,Friday,1349,85,11165
2016-07-30,Saturday,1764,70,10587
2016-07-31,Sunday,1677,95,11423
2016-08-01,Monday,1758,97,12763
2016-08-02,Tuesday,1416,96,11527
2016-08-03,Wednesday,1206,75,10961
2016-08-04,Thursday,1501,84,11801
2016-08-05,Friday,1599,52,10004
2016-08-06,Saturday,1602,51,12521
2016-08-07,Sunday,1597,61,12786
2016-08-08,Monday,1722,84,12099
2016-08-09,Tuesday,1376,95,10188
2016-08-10,Wednesday,1546,96,12996
2016-08-11,Thursday,1359,75,11769
2016-08-12,Friday,1348,89,10117
2016-08-13,Saturday,1506,96,11208
2016-08-14,Sunday,1233,63,10233
2016-08-15,Monday,1719,53,11516
2016-08-16,Tuesday,1208,77,12189
2016-08-17,Wednesday,1236,80,11934
2016-08-18,Thursday,1651,93,11081
2016-08-19,Friday,1690,79,12065
2016-08-20,Saturday,1353,78,11595
2016-08-21,Sunday,1590,79,10208
2016-08-22,Monday,1657,53,10264
2016-08-23,Tuesday,1340,64,12579
2016-08-24,Wednesday,1274,87,12249
2016-08-25,Thursday,1525,56,10476
2016-08-26,Friday,1458,97,11023
2016-08-27,Saturday,1204,62,10921
2016-08-28,Sunday,1483,92,11396
2016-08-29,Monday,1252,78,10490
2016-08-30,Tuesday,1353,61,11378
2016-08-31,Wednesday,1503,85,11093
2016-09-01,Thursday,1504,99,10698
2016-09-02,Friday,1667,70,12127
2016-09-03,Saturday,1654,94,12909
2016-09-04,Sunday,1493,64,10181
2016-09-05,Monday,1521,72,10060
2016-09-06,Tuesday,1698,96,12299
2016-09-07,Wednesday,1479,69,11420
2016-09-08,Thursday,1578,52,12174
2016-09-09,Friday,1751,83,10138
2016-09-10,Saturday,1268,79,12345
2016-09-11,Sunday,1431,77,10836
2016-09-12,Monday,1672,56,12232
2016-09-13,Tuesday,1301,69,11557
2016-09-14,Wednesday,1459,53,10464
2016-09-15,Thursday,1201,61,10562
2016-09-16,Friday,1663,72,12418
2016-09-17,Saturday,1635,78,11322
2016-09-18,Sunday,1571,99,12566
2016-09-19,Monday,1224,64,12226
2016-09-20,Tuesday,1627,91,11703
2016-09-21,Wednesday,1783,66,12464
2016-09-22,Thursday,1266,82,10453
2016-09-23,Friday,1450,95,11664
2016-09-24,Saturday,1690,83,10644
2016-09-25,Sunday,1612,56,11136
2016-09-26,Monday,1276,94,11009
2016-09-27,Tuesday,1751,78,10880
2016-09-28,Wednesday,1751,71,12379
2016-09-29,Thursday,1420,54,10943
2016-09-30,Friday,1337,75,10008
2016-10-01,Saturday,1293,55,10919
2016-10-02,Sunday,1425,75,10850
2016-10-03,Monday,1662,82,10445
2016-10-04,Tuesday,1358,51,10161
2016-10-05,Wednesday,1238,88,11944
2016-10-06,Thursday,1680,93,12390
2016-10-07,Friday,1313,66,11370
2016-10-08,Saturday,1507,92,11010
2016-10-09,Sunday,1388,55,10432
2016-10-10,Monday,1387,85,12139
2016-10-11,Tuesday,1705,91,11070
2016-10-12,Wednesday,1209,99,10219
2016-10-13,Thursday,1674,79,11934
2016-10-14,Friday,1685,94,12139
2016-10-15,Saturday,1372,72,10598
2016-10-16,Sunday,1589,67,12503
2016-10-17,Monday,1646,51,11773
2016-10-18,Tuesday,1447,50,12182
2016-10-19,Wednesday,1453,60,10338
2016-10-20,Thursday,1462,67,10383
2016-10-21,Friday,1669,78,10652
2016-10-22,Saturday,1243,87,10351
2016-10-23,Sunday,1403,66,12349
2016-10-24,Monday,1432,80,11361
2016-10-25,Tuesday,1727,68,12746
2016-10-26,Wednesday,1787,53,12898
2016-10-27,Thursday,1489,64,10295
2016-10-28,Friday,1247,86,10718
2016-10-29,Saturday,1390,93,12062
2016-10-30,Sunday,1252,60,12720
2016-10-31,Monday,1372,87,10643
2016-11-01,Tuesday,1236,58,11280
2016-11-02,Wednesday,1365,68,10812
2016-11-03,Thursday,1796,63,10233
2016-11-04,Friday,1637,62,11753
2016-11-05,Saturday,1413,98,10853
2016-11-06,Sunday,1345,72,12765
2016-11-07,Monday,1692,50,11960
2016-11-08,Tuesday,1290,83,12738
2016-11-09,Wednesday,1216,90,12933
2016-11-10,Thursday,1201,76,12276
2016-11-11,Friday,1678,75,11779
2016-11-12,Saturday,1647,75,12907
2016-11-13,Sunday,1572,80,12044
2016-11-14,Monday,1783,53,11196
2016-11-15,Tuesday,1548,88,11205
2016-11-16,Wednesday,1276,87,10522
2016-11-17,Thursday,1259,95,10273
2016-11-18,Friday,1792,66,12757
2016-11-19,Saturday,1350,59,12095
2016-11-20,Sunday,1743,66,11301
2016-11-21,Monday,1515,99,11236
2016-11-22,Tuesday,1704,54,12026
2016-11-23,Wednesday,1523,92,12942
2016-11-24,Thursday,1798,64,10401
2016-11-25,Friday,1709,88,11146
2016-11-26,Saturday,1285,61,12371
2016-11-27,Sunday,1535,75,11670
2016-11-28,Monday,1266,87,12508
2016-11-29,Tuesday,1587,82,12079
2016-11-30,Wednesday,1366,62,11536
2016-12-01,Thursday,1329,59,10803
2016-12-02,Friday,1764,76,11932
2016-12-03,Saturday,1710,94,10704
2016-12-04,Sunday,1311,98,12920
2016-12-05,Monday,1684,89,10198
2016-12-06,Tuesday,1765,82,12869
2016-12-07,Wednesday,1429,69,10009
2016-12-08,Thursday,1661,93,10309
2016-12-09,Friday,1613,59,12901
2016-12-10,Saturday,1487,98,11151
2016-12-11,Sunday,1574,82,12201
2016-12-12,Monday,1486,79,12281
2016-12-13,Tuesday,1652,60,10332
2016-12-14,Wednesday,1529,61,11044
2016-12-15,Thursday,1349,50,12601
2016-12-16,Friday,1570,62,11002
2016-12-17,Saturday,1680,95,11565
2016-12-18,Sunday,1621,92,11712
2016-12-19,Monday,1398,67,11010
2016-12-20,Tuesday,1253,55,11849
2016-12-21,Wednesday,1450,56,11362
2016-12-22,Thursday,1745,55,11448
2016-12-23,Friday,1389,99,11210
2016-12-24,Saturday,1450,75,12305
2016-12-25,Sunday,1336,77,11083
2016-12-26,Monday,1343,204,13423
2016-12-27,Tuesday,1575,276,13322
2016-12-28,Wednesday,1431,126,13378
2016-12-29,Thursday,1376,140,13186
2016-12-30,Friday,1584,173,13567
2016-12-31,Saturday,1236,287,13224
2017-01-01,Sunday,1537,186,13165
2017-01-02,Monday,1479,109,13543
2017-01-03,Tuesday,1215,174,13898
2017-01-04,Wednesday,2183,276,13973
2017-01-05,Thursday,2137,215,13957
2017-01-06,Friday,2219,291,13772
2017-01-07,Saturday,2305,157,13612
2017-01-08,Sunday,2318,294,13934
2017-01-09,Monday,2367,127,13526
2017-01-10,Tuesday,2225,263,13924
2017-01-11,Wednesday,2374,215,13751
2017-01-12,Thursday,2079,166,13570
2017-01-13,Friday,2093,251,13355
2017-01-14,Saturday,2467,120,13653
2017-01-15,Sunday,2482,130,13794
2017-01-16,Monday,2232,130,13433
2017-01-17,Tuesday,2408,128,13809
2017-01-18,Wednesday,2192,134,13247
2017-01-19,Thursday,2300,158,13662
2017-01-20,Friday,2285,212,13813
2017-01-21,Saturday,2404,137,13754
2017-01-22,Sunday,2442,132,13113
2017-01-23,Monday,2347,186,13484
2017-01-24,Tuesday,2336,259,13226
2017-01-25,Wednesday,2116,279,13902
2017-01-26,Thursday,2461,246,13704
2017-01-27,Friday,2204,220,13472
2017-01-28,Saturday,2145,201,13068
2017-01-29,Sunday,2498,212,13428
2017-01-30,Monday,2190,280,13567
2017-01-31,Tuesday,2497,266,13398
2017-02-01,Wednesday,2340,140,13001
2017-02-02,Thursday,2474,292,13928
2017-02-03,Friday,2286,175,13103
2017-02-04,Saturday,2151,122,13270
2017-02-05,Sunday,2230,142,13356
2017-02-06,Monday,2226,196,13291
2017-02-07,Tuesday,2176,118,13816
2017-02-08,Wednesday,2175,229,13348
2017-02-09,Thursday,2226,203,13202
2017-02-10,Friday,2364,294,13322
2017-02-11,Saturday,2346,265,13697
2017-02-12,Sunday,2473,194,13605
2017-02-13,Monday,2008,243,13174
2017-02-14,Tuesday,2488,279,13504
2017-02-15,Wednesday,2012,143,13518
2017-02-16,Thursday,2332,240,13809
2017-02-17,Friday,2121,155,13165
2017-02-18,Saturday,2057,133,13085
2017-02-19,Sunday,2081,217,13311
2017-02-20,Monday,2022,116,13518
2017-02-21,Tuesday,2118,288,13062
2017-02-22,Wednesday,2390,279,13676
2017-02-23,Thursday,2172,217,13674
2017-02-24,Friday,2171,286,13455
2017-02-25,Saturday,2173,167,13308
2017-02-26,Sunday,2263,111,13094
2017-02-27,Monday,2037,221,13715
2017-02-28,Tuesday,2374,273,13452
2017-03-01,Wednesday,2137,121,13911
2017-03-02,Thursday,2464,158,13383
2017-03-03,Friday,2445,140,13942
2017-03-04,Saturday,2468,280,13927
2017-03-05,Sunday,2212,110,13725
2017-03-06,Monday,2254,151,13475
2017-03-07,Tuesday,2069,153,13324
2017-03-08,Wednesday,2387,173,13825
2017-03-09,Thursday,2071,147,13319
2017-03-10,Friday,2453,189,13858
2017-03-11,Saturday,2142,205,13554
2017-03-12,Sunday,2453,162,13395
2017-03-13,Monday,2146,271,13533
2017-03-14,Tuesday,2312,277,13450
2017-03-15,Wednesday,2272,140,13687
2017-03-16,Thursday,2245,236,13814
2017-03-17,Friday,2312,151,13121
2017-03-18,Saturday,2417,189,13178
2017-03-19,Sunday,2347,268,13326
2017-03-20,Monday,2304,160,13061
2017-03-21,Tuesday,2471,282,13394
2017-03-22,Wednesday,2145,133,13142
2017-03-23,Thursday,2222,104,13029
2017-03-24,Friday,2425,217,13880
2017-03-25,Saturday,2288,258,13667
2017-03-26,Sunday,2083,129,13133
2017-03-27,Monday,2180,282,13367
2017-03-28,Tuesday,2129,168,13229
2017-03-29,Wednesday,2426,110,13829
2017-03-30,Thursday,2035,290,13286
2017-03-31,Friday,2025,115,13410
2017-04-01,Saturday,2171,244,13760
2017-04-02,Sunday,2140,123,13834
2017-04-03,Monday,2145,204,13417
2017-04-04,Tuesday,2257,147,13232
2017-04-05,Wednesday,2379,265,13854
2017-04-06,Thursday,2396,188,13985
2017-04-07,Friday,2038,123,13919
2017-04-08,Saturday,2051,136,13245
2017-04-09,Sunday,2396,147,13848
2017-04-10,Monday,2104,173,13351
2017-04-11,Tuesday,2381,192,13113
2017-04-12,Wednesday,2062,129,13426
2017-04-13,Thursday,2099,121,13770
2017-04-14,Friday,2280,207,13928
2017-04-15,Saturday,2321,152,13143
2017-04-16,Sunday,2318,176,13071
2017-04-17,Monday,2040,205,13383
2017-04-18,Tuesday,2041,286,13941
2017-04-19,Wednesday,2360,129,13383
2017-04-20,Thursday,2182,112,13508
2017-04-21,Friday,2023,234,13759
2017-04-22,Saturday,2276,159,13362
2017-04-23,Sunday,2421,293,13999
2017-04-24,Monday,2251,111,13794
2017-04-25,Tuesday,2300,171,13394
2017-04-26,Wednesday,2440,179,13671
2017-04-27,Thursday,2078,140,13832
2017-04-28,Friday,2186,110,13729
2017-04-29,Saturday,2309,114,13257
2017-04-30,Sunday,2375,179,13526
2017-05-01,Monday,2161,249,13389
2017-05-02,Tuesday,2351,290,13350
2017-05-03,Wednesday,2396,178,13670
2017-05-04,Thursday,2470,202,13874
2017-05-05,Friday,2440,230,13163
2017-05-06,Saturday,2278,233,13953
2017-05-07,Sunday,2174,218,13776
2017-05-08,Monday,2401,179,13847
2017-05-09,Tuesday,2032,130,13215
2017-05-10,Wednesday,2487,268,13400
2017-05-11,Thursday,2453,206,13266
2017-05-12,Friday,2034,201,13552
2017-05-13,Saturday,2341,223,13334
2017-05-14,Sunday,2323,286,13645
2017-05-15,Monday,2096,295,13915
2017-05-16,Tuesday,2375,176,13007
2017-05-17,Wednesday,2086,268,13477
2017-05-18,Thursday,2038,112,13383
2017-05-19,Friday,2279,258,13132
2017-05-20,Saturday,2025,264,13169
2017-05-21,Sunday,2152,140,13752
2017-05-22,Monday,2200,234,13262
2017-05-23,Tuesday,2053,131,13708
2017-05-24,Wednesday,2196,196,13753
2017-05-25,Thursday,2387,219,13364
2017-05-26,Friday,2238,115,13827
2017-05-27,Saturday,2370,262,13407
2017-05-28,Sunday,2305,293,13293
2017-05-29,Monday,2188,148,13983
2017-05-30,Tuesday,2126,287,13770
2017-05-31,Wednesday,2213,221,13496
2017-06-01,Thursday,2116,227,13593
2017-06-02,Friday,2159,249,13109
2017-06-03,Saturday,2194,198,13573
2017-06-04,Sunday,2068,265,13624
2017-06-05,Monday,2311,144,13185
2017-06-06,Tuesday,2382,104,13514
2017-06-07,Wednesday,2082,229,13550
2017-06-08,Thursday,2351,252,13065
2017-06-09,Friday,2432,237,13723
2017-06-10,Saturday,2427,243,13151
2017-06-11,Sunday,2399,125,13150
2017-06-12,Monday,2041,265,13472
2017-06-13,Tuesday,2374,140,13292
2017-06-14,Wednesday,2352,154,13990
2017-06-15,Thursday,2385,258,13050
2017-06-16,Friday,2191,249,13618
2017-06-17,Saturday,2405,215,13038
2017-06-18,Sunday,2332,215,13296
2017-06-19,Monday,2473,145,13873
2017-06-20,Tuesday,2183,117,13265
2017-06-21,Wednesday,2251,278,13370
2017-06-22,Thursday,2421,290,13602
2017-06-23,Friday,2405,232,13685
2017-06-24,Saturday,2462,179,13898
2017-06-25,Sunday,2312,175,13453
2017-06-26,Monday,2101,255,13836
2017-06-27,Tuesday,2224,267,13130
2017-06-28,Wednesday,2170,221,13409
2017-06-29,Thursday,2152,278,13351
2017-06-30,Friday,2053,182,13880
2017-07-01,Saturday,2027,156,13757
2017-07-02,Sunday,2003,118,13833
2017-07-03,Monday,2071,213,13011
2017-07-04,Tuesday,2226,130,13242
2017-07-05,Wednesday,2339,133,13341
2017-07-06,Thursday,2048,237,13401
2017-07-07,Friday,2413,106,13077
2017-07-08,Saturday,2185,103,13363
2017-07-09,Sunday,2183,187,13816
2017-07-10,Monday,2243,239,13153
2017-07-11,Tuesday,2252,126,13114
2017-07-12,Wednesday,2217,177,13884
2017-07-13,Thursday,2193,198,13702
2017-07-14,Friday,2076,243,13522
2017-07-15,Saturday,2209,102,13980
2017-07-16,Sunday,2056,279,13569
2017-07-17,Monday,2365,253,13548
2017-07-18,Tuesday,2081,184,13062
2017-07-19,Wednesday,2419,108,13382
2017-07-20,Thursday,2246,279,13452
2017-07-21,Friday,2164,254,13786
2017-07-22,Saturday,2192,186,13433
2017-07-23,Sunday,2182,298,13138
2017-07-24,Monday,2362,202,13157
2017-07-25,Tuesday,2432,216,13871
2017-07-26,Wednesday,2259,293,13543
2017-07-27,Thursday,2379,122,13742
2017-07-28,Friday,2019,195,13585
2017-07-29,Saturday,2229,242,13711
2017-07-30,Sunday,2434,187,13267
2017-07-31,Monday,2266,291,13345
2017-08-01,Tuesday,2272,219,13614
2017-08-02,Wednesday,2117,156,13063
2017-08-03,Thursday,2452,176,13214
2017-08-04,Friday,2299,167,13410
2017-08-05,Saturday,2259,213,13657
2017-08-06,Sunday,2365,136,13924
2017-08-07,Monday,2273,127,13022
2017-08-08,Tuesday,2262,228,13963
2017-08-09,Wednesday,2242,107,13148
2017-08-10,Thursday,2494,298,13274
2017-08-11,Friday,2263,204,13021
2017-08-12,Saturday,2331,164,13130
2017-08-13,Sunday,2343,280,13720
2017-08-14,Monday,2277,152,13068
2017-08-15,Tuesday,2156,136,13150
2017-08-16,Wednesday,2073,148,13855
2017-08-17,Thursday,2112,179,13311
2017-08-18,Friday,2281,262,13152
2017-08-19,Saturday,2108,245,13861
2017-08-20,Sunday,2213,143,13507
2017-08-21,Monday,2497,168,13257
2017-08-22,Tuesday,2053,178,13549
2017-08-23,Wednesday,2143,230,13092
2017-08-24,Thursday,2304,136,13166
2017-08-25,Friday,2253,202,13735
2017-08-26,Saturday,2437,247,13088
2017-08-27,Sunday,2210,289,13168
2017-08-28,Monday,2169,246,13696
2017-08-29,Tuesday,2492,211,13422
2017-08-30,Wednesday,2391,142,13872
2017-08-31,Thursday,2231,139,13315
2017-09-01,Friday,2000,203,13275
2017-09-02,Saturday,2320,229,13730
2017-09-03,Sunday,2385,188,13579
2017-09-04,Monday,2087,193,13494
2017-09-05,Tuesday,2390,156,13379
2017-09-06,Wednesday,2118,271,13814
2017-09-07,Thursday,2383,250,13480
2017-09-08,Friday,2379,175,13540
2017-09-09,Saturday,2065,269,13644
2017-09-10,Sunday,2011,161,13741
2017-09-11,Monday,2250,166,13382
2017-09-12,Tuesday,2026,186,13404
2017-09-13,Wednesday,2139,140,13077
2017-09-14,Thursday,2319,206,13779
2017-09-15,Friday,2406,233,13210
2017-09-16,Saturday,2436,207,13591
2017-09-17,Sunday,2267,100,13148
2017-09-18,Monday,2220,296,13000
2017-09-19,Tuesday,2347,107,13328
2017-09-20,Wednesday,2135,285,13506
2017-09-21,Thursday,2363,221,13458
2017-09-22,Friday,2463,143,13551
2017-09-23,Saturday,2221,238,13596
2017-09-24,Sunday,2273,273,13045
2017-09-25,Monday,2081,188,13343
2017-09-26,Tuesday,2054,247,13135
2017-09-27,Wednesday,2330,213,13515
2017-09-28,Thursday,2235,133,13137
2017-09-29,Friday,2492,194,13969
2017-09-30,Saturday,2108,125,13897
2017-10-01,Sunday,2299,290,13347
2017-10-02,Monday,2491,280,13116
2017-10-03,Tuesday,2067,214,13057
2017-10-04,Wednesday,2146,223,13182
2017-10-05,Thursday,2321,108,13860
2017-10-06,Friday,2384,214,13265
2017-10-07,Saturday,2209,208,13685
2017-10-08,Sunday,2494,133,13309
2017-10-09,Monday,2066,282,13308
2017-10-10,Tuesday,2199,225,13685
2017-10-11,Wednesday,2409,187,13399
2017-10-12,Thursday,2467,239,13531
2017-10-13,Friday,2038,199,13277
2017-10-14,Saturday,2445,189,13299
2017-10-15,Sunday,2481,112,13477
2017-10-16,Monday,2201,129,13549
2017-10-17,Tuesday,2076,247,13910
2017-10-18,Wednesday,2395,115,13153
2017-10-19,Thursday,2071,225,13806
2017-10-20,Friday,2362,104,13549
2017-10-21,Saturday,2018,207,13106
2017-10-22,Sunday,2293,134,13944
2017-10-23,Monday,2452,217,13234
2017-10-24,Tuesday,2407,190,13706
2017-10-25,Wednesday,2317,280,13923
2017-10-26,Thursday,2005,283,13345
2017-10-27,Friday,2062,258,13723
2017-10-28,Saturday,2415,290,13817
2017-10-29,Sunday,2044,145,13128
2017-10-30,Monday,2206,205,13859
2017-10-31,Tuesday,2152,257,13078
2017-11-01,Wednesday,2015,213,13304
2017-11-02,Thursday,2352,175,13895
2017-11-03,Friday,2256,192,13471
2017-11-04,Saturday,2478,282,13787
2017-11-05,Sunday,2115,212,13494
2017-11-06,Monday,2274,192,13103
2017-11-07,Tuesday,2428,137,13493
2017-11-08,Wednesday,2306,206,13928
2017-11-09,Thursday,2463,136,13780
2017-11-10,Friday,2069,120,13049
2017-11-11,Saturday,2151,299,13867
2017-11-12,Sunday,2275,240,13669
2017-11-13,Monday,2106,203,13671
2017-11-14,Tuesday,2166,269,13634
2017-11-15,Wednesday,2086,198,13830
2017-11-16,Thursday,2389,277,13965
2017-11-17,Friday,2135,232,13192
2017-11-18,Saturday,2216,207,13803
2017-11-19,Sunday,2427,175,13243
2017-11-20,Monday,2105,201,13220
2017-11-21,Tuesday,2274,113,13463
2017-11-22,Wednesday,2154,196,13371
2017-11-23,Thursday,2309,103,13997
2017-11-24,Friday,2306,179,13221
2017-11-25,Saturday,2299,147,13268
2017-11-26,Sunday,2406,179,13901
2017-11-27,Monday,2447,185,13341
2017-11-28,Tuesday,2441,195,13794
2017-11-29,Wednesday,2067,154,13674
2017-11-30,Thursday,2497,168,13634
2017-12-01,Friday,2219,254,13771
2017-12-02,Saturday,2412,152,13495
2017-12-03,Sunday,2128,238,13665
2017-12-04,Monday,2314,276,13744
2017-12-05,Tuesday,2056,142,13388
2017-12-06,Wednesday,2279,172,13945
2017-12-07,Thursday,2429,194,13299
2017-12-08,Friday,2291,105,13957
2017-12-09,Saturday,2327,239,13463
2017-12-10,Sunday,2010,113,13297
2017-12-11,Monday,2318,193,13096
2017-12-12,Tuesday,2141,242,13158
2017-12-13,Wednesday,2274,271,13605
2017-12-14,Thursday,2059,282,13052
2017-12-15,Friday,2123,124,13243
2017-12-16,Saturday,2076,220,13998
2017-12-17,Sunday,2404,117,13099
2017-12-18,Monday,2108,120,13232
2017-12-19,Tuesday,2272,169,13192
2017-12-20,Wednesday,2153,172,13522
2017-12-21,Thursday,2035,143,13815
2017-12-22,Friday,2005,114,13795
2017-12-23,Saturday,2428,214,13411
2017-12-24,Sunday,2454,118,13625
2017-12-25,Monday,2061,187,13175
2017-12-26,Tuesday,2058,127,13647
2017-12-27,Wednesday,2282,251,13054
2017-12-28,Thursday,2443,104,13819
2017-12-29,Friday,2109,119,13569
2017-12-30,Saturday,2339,200,13991
2017-12-31,Sunday,2440,268,13885
2018-01-01,Monday,2464,193,13788
2018-01-02,Tuesday,2121,140,13341
2018-01-03,Wednesday,2030,105,13949
2018-01-04,Thursday,2290,107,13895
2018-01-05,Friday,2126,116,13920
2018-01-06,Saturday,2463,132,13128
2018-01-07,Sunday,2424,264,13224
2018-01-08,Monday,2423,283,13978
2018-01-09,Tuesday,2349,291,13858
2018-01-10,Wednesday,2039,266,13450
2018-01-11,Thursday,2301,196,13660
2018-01-12,Friday,2258,240,13992
2018-01-13,Saturday,2146,102,13206
2018-01-14,Sunday,2003,239,13645
2018-01-15,Monday,2426,224,13327
2018-01-16,Tuesday,2374,200,13939
2018-01-17,Wednesday,2186,298,13769
2018-01-18,Thursday,2436,104,13138
2018-01-19,Friday,2338,156,13832
2018-01-20,Saturday,2136,197,13492
2018-01-21,Sunday,2125,143,13644
2018-01-22,Monday,2408,253,13280
2018-01-23,Tuesday,2183,107,13043
2018-01-24,Wednesday,2191,271,13820
2018-01-25,Thursday,2328,262,13031
2018-01-26,Friday,2402,239,13302
2018-01-27,Saturday,2438,164,13546
2018-01-28,Sunday,2165,228,13378
2018-01-29,Monday,2396,210,13907
2018-01-30,Tuesday,2000,194,13790
2018-01-31,Wednesday,2191,205,13154
2018-02-01,Thursday,2282,289,13553
2018-02-02,Friday,2280,179,13806
2018-02-03,Saturday,2125,242,13351
2018-02-04,Sunday,2059,295,13996
2018-02-05,Monday,2347,146,13896
2018-02-06,Tuesday,2075,115,13237
2018-02-07,Wednesday,2179,100,13088
2018-02-08,Thursday,2054,102,13503
2018-02-09,Friday,2232,166,13686
2018-02-10,Saturday,2073,155,13105
2018-02-11,Sunday,2382,130,13851
2018-02-12,Monday,2376,184,13286
2018-02-13,Tuesday,2282,103,13898
2018-02-14,Wednesday,2343,258,13745
2018-02-15,Thursday,2444,112,13800
2018-02-16,Friday,2362,245,13297
2018-02-17,Saturday,2232,266,13053
2018-02-18,Sunday,2398,123,13276
2018-02-19,Monday,2408,156,13228
2018-02-20,Tuesday,2384,176,13438
2018-02-21,Wednesday,2126,173,13559
2018-02-22,Thursday,2420,183,13831
2018-02-23,Friday,2407,216,13485
2018-02-24,Saturday,2440,247,13017
2018-02-25,Sunday,2293,290,13715
2018-02-26,Monday,2473,193,13085
2018-02-27,Tuesday,2137,118,13297
2018-02-28,Wednesday,2317,252,13105
2018-03-01,Thursday,2349,127,13571
2018-03-02,Friday,2203,216,13211
2018-03-03,Saturday,2223,279,13245
2018-03-04,Sunday,2330,167,13166
2018-03-05,Monday,2113,214,13935
2018-03-06,Tuesday,2467,208,13818
2018-03-07,Wednesday,2354,111,13453
2018-03-08,Thursday,2361,131,13720
2018-03-09,Friday,2033,225,13004
2018-03-10,Saturday,2002,205,13300
2018-03-11,Sunday,2410,187,13966
2018-03-12,Monday,2236,125,13649
2018-03-13,Tuesday,2291,122,13383
2018-03-14,Wednesday,2153,244,13400
2018-03-15,Thursday,2089,169,13068
2018-03-16,Friday,2260,133,13394
2018-03-17,Saturday,2281,145,13190
2018-03-18,Sunday,2212,266,13248
2018-03-19,Monday,2233,273,13994
2018-03-20,Tuesday,2027,256,13624
2018-03-21,Wednesday,2435,286,13340
2018-03-22,Thursday,2328,132,13102
2018-03-23,Friday,2368,187,13346
2018-03-24,Saturday,2178,212,13106
2018-03-25,Sunday,2197,146,13766
2018-03-26,Monday,2490,264,13185
2018-03-27,Tuesday,2365,230,13592
2018-03-28,Wednesday,2364,144,13766
2018-03-29,Thursday,2059,183,13607
2018-03-30,Friday,2090,137,13691
2018-03-31,Saturday,2183,283,13124
2018-04-01,Sunday,2028,127,13600
2018-04-02,Monday,2303,296,13529
2018-04-03,Tuesday,2076,237,13574
2018-04-04,Wednesday,2381,189,13719
2018-04-05,Thursday,2142,190,13510
2018-04-06,Friday,2217,203,13341
2018-04-07,Saturday,2259,215,13581
2018-04-08,Sunday,2369,264,13867
2018-04-09,Monday,2388,147,13598
2018-04-10,Tuesday,2275,101,13708
2018-04-11,Wednesday,2270,140,13553
2018-04-12,Thursday,2318,223,13582
2018-04-13,Friday,2126,105,13668
2018-04-14,Saturday,2072,230,13642
2018-04-15,Sunday,2149,233,13916
2018-04-16,Monday,2385,116,13209
2018-04-17,Tuesday,2082,137,13786
2018-04-18,Wednesday,2103,244,13998
2018-04-19,Thursday,2072,141,13172
2018-04-20,Friday,2059,284,13382
2018-04-21,Saturday,2194,270,13642
2018-04-22,Sunday,2335,112,13128
2018-04-23,Monday,2119,211,13672
2018-04-24,Tuesday,2250,156,13381
2018-04-25,Wednesday,2440,221,13519
2018-04-26,Thursday,2299,214,13711
2018-04-27,Friday,2073,287,13637
2018-04-28,Saturday,2432,219,13561
2018-04-29,Sunday,2118,182,13551
2018-04-30,Monday,2278,197,13358
2018-05-01,Tuesday,2182,156,13918
2018-05-02,Wednesday,2396,247,13917
2018-05-03,Thursday,2488,165,13251
2018-05-04,Friday,2488,187,13713
2018-05-05,Saturday,2333,123,13519
2018-05-06,Sunday,2417,182,13115
2018-05-07,Monday,2258,129,13857
2018-05-08,Tuesday,2373,166,13512
2018-05-09,Wednesday,2225,224,13513
2018-05-10,Thursday,2265,167,13414
2018-05-11,Friday,2447,257,13267
2018-05-12,Saturday,2253,217,13435
2018-05-13,Sunday,2464,167,13831
2018-05-14,Monday,2033,197,13094
2018-05-15,Tuesday,2472,187,13756
2018-05-16,Wednesday,2462,211,13622
2018-05-17,Thursday,2053,110,13128
2018-05-18,Friday,2360,135,13217
2018-05-19,Saturday,2817,210,13693
2018-05-20,Sunday,2884,197,13519
2018-05-21,Monday,3253,247,13291
2018-05-22,Tuesday,2923,193,13123
2018-05-23,Wednesday,2863,298,13451
2018-05-24,Thursday,2934,186,13874
2018-05-25,Friday,3151,113,13205
2018-05-26,Saturday,3441,220,13304
2018-05-27,Sunday,2787,162,13882
2018-05-28,Monday,3091,195,13298
2018-05-29,Tuesday,3112,226,13456
2018-05-30,Wednesday,3041,137,13378
2018-05-31,Thursday,3247,205,13253
2018-06-01,Friday,2955,170,13953
2018-06-02,Saturday,2855,290,13227
2018-06-03,Sunday,2978,251,13518
2018-06-04,Monday,2980,239,13470
2018-06-05,Tuesday,3392,185,13796
2018-06-06,Wednesday,3326,179,13508
2018-06-07,Thursday,3416,213,13504
2018-06-08,Friday,3281,138,13166
2018-06-09,Saturday,3213,261,13104
2018-06-10,Sunday,3283,139,13759
2018-06-11,Monday,3268,243,13284
2018-06-12,Tuesday,3422,168,13536
2018-06-13,Wednesday,2741,194,13400
2018-06-14,Thursday,3125,116,13881
2018-06-15,Friday,3407,147,13688
2018-06-16,Saturday,3270,236,13569
2018-06-17,Sunday,3094,188,13172
2018-06-18,Monday,3103,231,13421
2018-06-19,Tuesday,3466,249,13329
2018-06-20,Wednesday,2792,242,13952
2018-06-21,Thursday,3108,114,13585
2018-06-22,Friday,3321,121,13994
2018-06-23,Saturday,2790,133,13350
2018-06-24,Sunday,3024,183,13659
2018-06-25,Monday,3006,182,13367
2018-06-26,Tuesday,3200,230,13953
2018-06-27,Wednesday,3134,109,13731
2018-06-28,Thursday,2920,151,13034
2018-06-29,Friday,2884,260,13754
2018-06-30,Saturday,3050,173,13718
2018-07-01,Sunday,3200,142,13031
2018-07-02,Monday,3120,158,13583
2018-07-03,Tuesday,3112,217,13450
2018-07-04,Wednesday,3448,108,13727
2018-07-05,Thursday,3087,229,13551
2018-07-06,Friday,2907,292,13770
2018-07-07,Saturday,3252,115,13636
2018-07-08,Sunday,2761,227,13067
2018-07-09,Monday,3043,107,13950
2018-07-10,Tuesday,3280,154,13810
2018-07-11,Wednesday,2734,246,13404
2018-07-12,Thursday,2903,107,13731
2018-07-13,Friday,3191,122,13756
2018-07-14,Saturday,3026,162,13001
2018-07-15,Sunday,2843,268,13762
2018-07-16,Monday,3200,227,13026
2018-07-17,Tuesday,2713,158,13215
2018-07-18,Wednesday,3225,255,13589
2018-07-19,Thursday,3357,251,13316
2018-07-20,Friday,3354,196,13775
2018-07-21,Saturday,3398,188,13835
2018-07-22,Sunday,3173,247,13904
2018-07-23,Monday,2883,153,13381
2018-07-24,Tuesday,2970,125,13165
2018-07-25,Wednesday,2737,218,13622
2018-07-26,Thursday,2769,101,13374
2018-07-27,Friday,3472,169,13840
2018-07-28,Saturday,2883,119,13364
2018-07-29,Sunday,2922,210,13642
2018-07-30,Monday,2984,140,13947
2018-07-31,Tuesday,2796,211,13839
2018-08-01,Wednesday,3036,168,13411
2018-08-02,Thursday,2982,160,13767
2018-08-03,Friday,3437,240,13046
2018-08-04,Saturday,2973,197,13893
2018-08-05,Sunday,2900,158,13276
2018-08-06,Monday,3043,150,13326
2018-08-07,Tuesday,2810,154,13512
2018-08-08,Wednesday,3115,200,13832
2018-08-09,Thursday,2965,111,13648
2018-08-10,Friday,2807,147,13040
2018-08-11,Saturday,2701,180,13921
2018-08-12,Sunday,3074,283,13092
2018-08-13,Monday,2843,106,13710
2018-08-14,Tuesday,3072,140,13034
2018-08-15,Wednesday,3419,250,13317
2018-08-16,Thursday,2914,154,13660
2018-08-17,Friday,3181,133,13397
2018-08-18,Saturday,2755,127,13801
2018-08-19,Sunday,3425,219,13404
2018-08-20,Monday,3419,124,13110
2018-08-21,Tuesday,2917,216,13403
2018-08-22,Wednesday,2982,274,13619
2018-08-23,Thursday,3391,149,13884
2018-08-24,Friday,2768,254,13938
2018-08-25,Saturday,3481,230,13239
2018-08-26,Sunday,3001,113,13078
2018-08-27,Monday,2983,247,13234
2018-08-28,Tuesday,2953,141,13399
2018-08-29,Wednesday,3437,243,13264
2018-08-30,Thursday,3323,241,13111
2018-08-31,Friday,2976,131,13736
2018-09-01,Saturday,3157,197,13399
2018-09-02,Sunday,3366,224,13366
2018-09-03,Monday,3123,284,13362
2018-09-04,Tuesday,3377,279,13534
2018-09-05,Wednesday,3421,169,13402
2018-09-06,Thursday,3356,170,13767
2018-09-07,Friday,3362,260,13417
2018-09-08,Saturday,2891,149,13817
2018-09-09,Sunday,3451,296,13343
2018-09-10,Monday,3320,224,13478
2018-09-11,Tuesday,3416,181,13621
2018-09-12,Wednesday,2904,283,13440
2018-09-13,Thursday,3375,229,13430
2018-09-14,Friday,3117,288,13914
2018-09-15,Saturday,2801,281,13836
2018-09-16,Sunday,2937,250,13166
2018-09-17,Monday,3484,226,13679
2018-09-18,Tuesday,3232,154,13324
2018-09-19,Wednesday,2982,262,13753
2018-09-20,Thursday,2987,244,13309
2018-09-21,Friday,3332,295,13308
2018-09-22,Saturday,2738,284,13591
2018-09-23,Sunday,3019,125,13172
2018-09-24,Monday,2983,101,13116
2018-09-25,Tuesday,3285,240,13643
2018-09-26,Wednesday,2864,230,13745
2018-09-27,Thursday,2735,283,13375
2018-09-28,Friday,2848,293,13717
2018-09-29,Saturday,3361,198,13651
2018-09-30,Sunday,2824,258,13317
2018-10-01,Monday,3278,200,13056
2018-10-02,Tuesday,3251,158,13013
2018-10-03,Wednesday,3323,206,13051
2018-10-04,Thursday,2779,249,13285
2018-10-05,Friday,3189,104,13662
2018-10-06,Saturday,3030,285,13407
2018-10-07,Sunday,3114,178,13723
2018-10-08,Monday,2846,206,13753
2018-10-09,Tuesday,3340,118,13672
2018-10-10,Wednesday,2708,225,13298
2018-10-11,Thursday,3464,112,13702
2018-10-12,Friday,3282,256,13932
2018-10-13,Saturday,2791,168,13587
2018-10-14,Sunday,2957,188,13368
2018-10-15,Monday,3099,277,13096
2018-10-16,Tuesday,3256,116,13145
2018-10-17,Wednesday,3182,215,13760
2018-10-18,Thursday,3265,231,13645
2018-10-19,Friday,3485,122,13648
2018-10-20,Saturday,3441,265,13463
2018-10-21,Sunday,3266,119,13293
2018-10-22,Monday,2981,175,13718
2018-10-23,Tuesday,3292,240,13787
2018-10-24,Wednesday,3380,132,13621
2018-10-25,Thursday,3133,188,13524
2018-10-26,Friday,3384,166,13053
2018-10-27,Saturday,3229,184,13318
2018-10-28,Sunday,3114,159,13105
2018-10-29,Monday,3233,243,13217
2018-10-30,Tuesday,3237,298,13627
2018-10-31,Wednesday,3199,133,13451
2018-11-01,Thursday,2995,169,13259
2018-11-02,Friday,3425,298,13931
2018-11-03,Saturday,2705,195,13024
2018-11-04,Sunday,3129,295,13539
2018-11-05,Monday,3325,266,13740
2018-11-06,Tuesday,2793,201,13470
2018-11-07,Wednesday,2829,277,13236
2018-11-08,Thursday,2886,130,13166
2018-11-09,Friday,3436,118,13628
2018-11-10,Saturday,2761,114,13573
2018-11-11,Sunday,3024,190,13611
2018-11-12,Monday,2771,205,13572
2018-11-13,Tuesday,2969,173,13965
2018-11-14,Wednesday,2802,193,13252
2018-11-15,Thursday,3097,135,13030
2018-11-16,Friday,2788,143,13168
2018-11-17,Saturday,3447,165,13202
2018-11-18,Sunday,3263,210,13132
2018-11-19,Monday,3170,150,13212
2018-11-20,Tuesday,2868,148,13531
2018-11-21,Wednesday,2844,263,13704
2018-11-22,Thursday,3450,249,13772
2018-11-23,Friday,2863,263,13049
2018-11-24,Saturday,3062,110,13920
2018-11-25,Sunday,3444,110,13377
2018-11-26,Monday,2724,215,13229
2018-11-27,Tuesday,2744,294,13978
2018-11-28,Wednesday,3197,265,13606
2018-11-29,Thursday,3055,277,13490
2018-11-30,Friday,3485,265,13308
2018-12-01,Saturday,3326,133,13518
2018-12-02,Sunday,2720,160,13567
2018-12-03,Monday,2843,195,13632
2018-12-04,Tuesday,3130,124,13448
2018-12-05,Wednesday,3247,199,13404
2018-12-06,Thursday,3382,218,13135
2018-12-07,Friday,3485,201,13186
2018-12-08,Saturday,2853,214,13676
2018-12-09,Sunday,3441,212,13848
2018-12-10,Monday,3228,264,13280
2018-12-11,Tuesday,3196,107,13613
2018-12-12,Wednesday,2864,222,13424
2018-12-13,Thursday,3360,236,13535
2018-12-14,Friday,3280,210,13463
2018-12-15,Saturday,3306,191,13430
2018-12-16,Sunday,2895,170,13613
2018-12-17,Monday,2982,169,13544
2018-12-18,Tuesday,2772,273,13724
2018-12-19,Wednesday,3365,102,13207
2018-12-20,Thursday,3022,212,13020
2018-12-21,Friday,3144,199,13815
2018-12-22,Saturday,2816,119,13429
2018-12-23,Sunday,3408,117,13280
2018-12-24,Monday,2867,145,13915
2018-12-25,Tuesday,2886,175,13905
2018-12-26,Wednesday,3462,143,13398
2018-12-27,Thursday,2765,107,13099
2018-12-28,Friday,3389,261,13473
2018-12-29,Saturday,3163,242,13163
2018-12-30,Sunday,2817,134,13975
2018-12-31,Monday,3283,260,13187
2019-01-01,Tuesday,3328,200,13246
2019-01-02,Wednesday,3080,196,13523
2019-01-03,Thursday,3012,139,13204
2019-01-04,Friday,3004,167,13842
2019-01-05,Saturday,2992,250,13988
2019-01-06,Sunday,3159,184,13399
2019-01-07,Monday,3131,106,13918
2019-01-08,Tuesday,2782,104,13755
2019-01-09,Wednesday,3053,126,13888
2019-01-10,Thursday,3264,249,13820
2019-01-11,Friday,2760,223,13109
2019-01-12,Saturday,2825,194,13941
2019-01-13,Sunday,3138,179,13465
2019-01-14,Monday,3143,284,13042
2019-01-15,Tuesday,3057,173,13402
2019-01-16,Wednesday,3286,277,13765
2019-01-17,Thursday,3282,275,13425
2019-01-18,Friday,2735,299,13610
2019-01-19,Saturday,2985,123,13509
2019-01-20,Sunday,3247,223,13545
2019-01-21,Monday,3472,274,13091
2019-01-22,Tuesday,3236,229,13704
2019-01-23,Wednesday,2998,236,13082
2019-01-24,Thursday,2945,123,13815
2019-01-25,Friday,3412,183,13598
2019-01-26,Saturday,3185,245,13035
2019-01-27,Sunday,3005,271,13343
2019-01-28,Monday,3404,270,13120
2019-01-29,Tuesday,2733,197,13280
2019-01-30,Wednesday,2933,262,13762
2019-01-31,Thursday,3029,293,13715
2019-02-01,Friday,3015,107,13819
2019-02-02,Saturday,2824,158,13045
2019-02-03,Sunday,3183,274,13819
2019-02-04,Monday,3306,176,13034
2019-02-05,Tuesday,2832,241,13644
2019-02-06,Wednesday,3376,217,13755
2019-02-07,Thursday,2932,191,13249
2019-02-08,Friday,2712,299,13024
2019-02-09,Saturday,2740,169,13924
2019-02-10,Sunday,3025,265,13192
2019-02-11,Monday,2749,159,13886
2019-02-12,Tuesday,3269,182,13055
2019-02-13,Wednesday,3365,121,13024
2019-02-14,Thursday,3483,216,13275
2019-02-15,Friday,2812,168,13518
2019-02-16,Saturday,2719,138,13900
2019-02-17,Sunday,3411,257,13166
2019-02-18,Monday,3201,299,13974
2019-02-19,Tuesday,2879,289,13927
2019-02-20,Wednesday,2986,111,13289
2019-02-21,Thursday,3332,195,13120
2019-02-22,Friday,3481,188,13607
2019-02-23,Saturday,3281,247,13465
2019-02-24,Sunday,3092,275,13134
2019-02-25,Monday,3128,164,13110
2019-02-26,Tuesday,3099,139,13503
2019-02-27,Wednesday,2956,250,13944
2019-02-28,Thursday,2990,166,13464
2019-03-01,Friday,3374,162,13373
2019-03-02,Saturday,3127,113,13722
2019-03-03,Sunday,2919,297,13097
2019-03-04,Monday,3067,222,13143
2019-03-05,Tuesday,3170,110,13179
2019-03-06,Wednesday,3242,263,13556
2019-03-07,Thursday,3044,202,13942
2019-03-08,Friday,2983,286,13167
2019-03-09,Saturday,2882,133,13702
2019-03-10,Sunday,3259,182,13437
2019-03-11,Monday,2948,151,13282
2019-03-12,Tuesday,3083,222,13513
2019-03-13,Wednesday,2863,137,13541
2019-03-14,Thursday,3254,185,13536
2019-03-15,Friday,2757,233,13468
2019-03-16,Saturday,3398,177,13517
2019-03-17,Sunday,3201,102,13228
2019-03-18,Monday,2943,218,13087
2019-03-19,Tuesday,3044,160,13231
2019-03-20,Wednesday,3276,165,13573
2019-03-21,Thursday,3097,280,13521
2019-03-22,Friday,3101,251,13420
2019-03-23,Saturday,2981,133,13699
2019-03-24,Sunday,3088,133,13512
2019-03-25,Monday,3097,267,13887
2019-03-26,Tuesday,3231,102,13536
2019-03-27,Wednesday,3352,229,13906
2019-03-28,Thursday,2822,249,13353
2019-03-29,Friday,2993,126,13833
2019-03-30,Saturday,3200,141,13243
2019-03-31,Sunday,3342,101,13144
2019-04-01,Monday,3313,224,13622
2019-04-02,Tuesday,3327,241,13820
2019-04-03,Wednesday,3122,193,13534
2019-04-04,Thursday,2925,219,13627
2019-04-05,Friday,2940,149,13808
2019-04-06,Saturday,2742,219,13601
2019-04-07,Sunday,3174,173,13664
2019-04-08,Monday,2834,108,13271
2019-04-09,Tuesday,3461,231,13374
2019-04-10,Wednesday,3484,183,13591
2019-04-11,Thursday,3214,268,13378
2019-04-12,Friday,3282,235,13253
2019-04-13,Saturday,3290,295,13373
2019-04-14,Sunday,2774,140,13641
2019-04-15,Monday,3000,296,13620
2019-04-16,Tuesday,3053,222,13757
2019-04-17,Wednesday,3357,295,13723
2019-04-18,Thursday,3061,246,13609
2019-04-19,Friday,3032,229,13617
2019-04-20,Saturday,2895,224,13858
2019-04-21,Sunday,2874,282,13006
2019-04-22,Monday,3012,154,13969
2019-04-23,Tuesday,3343,222,13688
2019-04-24,Wednesday,2739,258,13327
2019-04-25,Thursday,3189,183,13952
2019-04-26,Friday,2834,146,13696
2019-04-27,Saturday,2751,274,13784
2019-04-28,Sunday,3244,122,13870
2019-04-29,Monday,3464,295,13057
2019-04-30,Tuesday,3369,173,13101
2019-05-01,Wednesday,3113,216,13020
2019-05-02,Thursday,3497,231,13021
2019-05-03,Friday,3098,155,13550
2019-05-04,Saturday,2916,158,13980
2019-05-05,Sunday,3257,203,13761
2019-05-06,Monday,3404,283,13690
2019-05-07,Tuesday,2732,283,13776
2019-05-08,Wednesday,3305,237,13709
2019-05-09,Thursday,3413,201,13394
2019-05-10,Friday,3267,176,13200
2019-05-11,Saturday,2851,266,13137
2019-05-12,Sunday,2709,152,13913
2019-05-13,Monday,3254,140,13872
2019-05-14,Tuesday,2850,296,13761
2019-05-15,Wednesday,3427,135,13894
2019-05-16,Thursday,2927,186,13323
2019-05-17,Friday,3062,137,13692
2019-05-18,Saturday,3489,102,13810
2019-05-19,Sunday,2755,297,13425
2019-05-20,Monday,3186,143,13864
2019-05-21,Tuesday,3171,255,13422
2019-05-22,Wednesday,3011,207,13060
2019-05-23,Thursday,2812,234,13537
2019-05-24,Friday,2791,223,13941
2019-05-25,Saturday,2823,122,13495
2019-05-26,Sunday,2777,206,13386
2019-05-27,Monday,2785,164,13907
2019-05-28,Tuesday,3156,215,13037
2019-05-29,Wednesday,3214,251,13533
2019-05-30,Thursday,3380,206,13544
2019-05-31,Friday,2800,236,13437
2019-06-01,Saturday,3091,107,13975
2019-06-02,Sunday,2950,181,13740
2019-06-03,Monday,2813,230,13541
2019-06-04,Tuesday,3399,123,13627
2019-06-05,Wednesday,2784,263,13241
2019-06-06,Thursday,3211,257,13389
2019-06-07,Friday,2983,100,13795
2019-06-08,Saturday,3316,190,13522
2019-06-09,Sunday,2800,230,13231
2019-06-10,Monday,2764,176,13840
2019-06-11,Tuesday,3363,208,13976
2019-06-12,Wednesday,2953,134,13928
2019-06-13,Thursday,3074,264,13325
2019-06-14,Friday,2940,129,13626
2019-06-15,Saturday,2805,199,13654
2019-06-16,Sunday,2725,255,13785
2019-06-17,Monday,3238,216,13177
2019-06-18,Tuesday,3489,297,13244
2019-06-19,Wednesday,3363,185,13099
2019-06-20,Thursday,2874,138,13388
2019-06-21,Friday,2958,188,13541
2019-06-22,Saturday,3384,150,13322
2019-06-23,Sunday,3005,200,13658
2019-06-24,Monday,3420,165,13770
2019-06-25,Tuesday,3166,230,13576
2019-06-26,Wednesday,3434,147,13774
2019-06-27,Thursday,2713,104,13040
2019-06-28,Friday,3395,244,13174
2019-06-29,Saturday,3045,157,13678
2019-06-30,Sunday,3477,104,13895
2019-07-01,Monday,3248,216,13305
2019-07-02,Tuesday,3415,259,13214
2019-07-03,Wednesday,3372,134,13006
2019-07-04,Thursday,3479,276,13122
2019-07-05,Friday,2810,154,13452
2019-07-06,Saturday,2949,202,13187
2019-07-07,Sunday,2906,117,13979
2019-07-08,Monday,3284,134,13743
2019-07-09,Tuesday,2891,152,13433
2019-07-10,Wednesday,3258,270,13503
2019-07-11,Thursday,3302,136,13555
2019-07-12,Friday,2700,163,13949
2019-07-13,Saturday,3431,149,13491
2019-07-14,Sunday,3145,216,13277
2019-07-15,Monday,3008,186,13259
2019-07-16,Tuesday,3462,177,13424
2019-07-17,Wednesday,3197,292,13953
2019-07-18,Thursday,3109,166,13307
2019-07-19,Friday,2934,285,13175
2019-07-20,Saturday,3326,239,13009
2019-07-21,Sunday,3483,112,13459
2019-07-22,Monday,3187,192,13794
2019-07-23,Tuesday,3181,206,13865
2019-07-24,Wednesday,3081,293,13588
2019-07-25,Thursday,2785,292,13416
2019-07-26,Friday,2965,106,13501
2019-07-27,Saturday,3441,270,13606
2019-07-28,Sunday,3235,190,13195
2019-07-29,Monday,2942,194,13807
2019-07-30,Tuesday,3387,235,13680
2019-07-31,Wednesday,3326,124,13586
2019-08-01,Thursday,2752,195,13449
2019-08-02,Friday,3386,210,13535
2019-08-03,Saturday,3010,209,13440
2019-08-04,Sunday,2959,286,13149
2019-08-05,Monday,2950,110,13465
2019-08-06,Tuesday,2891,161,13488
2019-08-07,Wednesday,2782,262,13068
2019-08-08,Thursday,2960,270,13439
2019-08-09,Friday,3354,196,13978
2019-08-10,Saturday,2809,167,13106
2019-08-11,Sunday,3263,283,13739
2019-08-12,Monday,2803,249,13372
2019-08-13,Tuesday,3330,123,13095
2019-08-14,Wednesday,3473,147,13334
2019-08-15,Thursday,3228,116,13983
2019-08-16,Friday,3059,235,13481
2019-08-17,Saturday,3477,208,13137
2019-08-18,Sunday,3120,216,13111
2019-08-19,Monday,3359,261,13006
2019-08-20,Tuesday,3059,115,13263
2019-08-21,Wednesday,3393,109,13234
2019-08-22,Thursday,3126,258,13493
2019-08-23,Friday,3432,282,13630
2019-08-24,Saturday,3494,112,13785
2019-08-25,Sunday,3442,297,13935
2019-08-26,Monday,3476,170,13155
2019-08-27,Tuesday,3404,252,13649
2019-08-28,Wednesday,2963,185,13332
2019-08-29,Thursday,3300,116,13473
2019-08-30,Friday,3008,126,13709
2019-08-31,Saturday,3366,149,13772
2019-09-01,Sunday,2707,292,13232
2019-09-02,Monday,3290,213,13706
2019-09-03,Tuesday,3460,260,13773
2019-09-04,Wednesday,2848,277,13905
2019-09-05,Thursday,2816,142,13690
2019-09-06,Friday,3398,281,13597
2019-09-07,Saturday,2879,212,13161
2019-09-08,Sunday,2986,244,13508
2019-09-09,Monday,3197,169,13891
2019-09-10,Tuesday,3251,176,13923
2019-09-11,Wednesday,2993,144,13393
2019-09-12,Thursday,2736,174,13833
2019-09-13,Friday,2824,129,13516
2019-09-14,Saturday,2988,259,13641
2019-09-15,Sunday,3474,228,13711
2019-09-16,Monday,3179,116,13094
2019-09-17,Tuesday,3020,100,13754
2019-09-18,Wednesday,3294,136,13748
2019-09-19,Thursday,3470,247,13571
2019-09-20,Friday,2783,263,13459
2019-09-21,Saturday,2760,275,13212
2019-09-22,Sunday,2783,237,13869
2019-09-23,Monday,2977,294,13792
2019-09-24,Tuesday,3214,222,13717
2019-09-25,Wednesday,3301,206,13197
2019-09-26,Thursday,3402,260,13647
2019-09-27,Friday,2884,176,13035
2019-09-28,Saturday,3439,263,13842
2019-09-29,Sunday,3394,145,13924
2019-09-30,Monday,3274,156,13518
